{"version":1,"cars":[{"body":{"matrix":{"forward":{"x":0.234268561,"y":0.00347025623,"z":0.972165704},"up":{"x":0.014664582,"y":0.99986726,"z":-0.00710295187},"position":{"x":-312.545654,"y":-15.3351374,"z":138.530762}},"velocity":{"x":0.000146709208,"y":-2.63706625e-05,"z":-0.00016618376},"angularVelocity":{"x":1.38150199e-05,"y":-1.40949032e-05,"z":7.61238261e-05}},"suspBodies":[{"matrix":{"forward":{"x":0.236681461,"y":0.0314603,"z":0.9710778},"up":{"x":-0.0142130498,"y":0.999480784,"z":-0.0289163236},"position":{"x":-313.726624,"y":-15.3793211,"z":137.330948}},"velocity":{"x":0.000145808473,"y":-9.56760232e-06,"z":-0.000169878665},"angularVelocity":{"x":-0.000105833518,"y":-6.67187633e-05,"z":4.64754203e-06}},{"matrix":{"forward":{"x":0.23337321,"y":0.0317403078,"z":0.971869051},"up":{"x":0.0301908106,"y":0.998748779,"z":-0.0398678407},"position":{"x":-312.042511,"y":-15.4068336,"z":136.92511}},"velocity":{"x":0.000163115226,"y":-2.40881468e-06,"z":-0.00013378392},"angularVelocity":{"x":-0.000168237806,"y":-2.05974684e-05,"z":-1.77132927e-06}},{"matrix":{"forward":{"x":0.232420638,"y":-0.0132753281,"z":0.972524762},"up":{"x":0.0663314685,"y":0.997795165,"z":-0.00223207171},"position":{"x":-313.123566,"y":-15.3685055,"z":139.733429}},"velocity":{"x":0.000134837232,"y":-1.00056168e-05,"z":-0.000176155707},"angularVelocity":{"x":-1.21621251e-05,"y":7.48002185e-06,"z":5.06297765e-05}},{"matrix":{"forward":{"x":0.235341266,"y":-0.0133929905,"z":0.971820533},"up":{"x":-0.0183488354,"y":0.999665618,"z":0.0182201862},"position":{"x":-311.485687,"y":-15.4046469,"z":139.338898}},"velocity":{"x":0.000137935902,"y":-2.40760983e-06,"z":-0.000149911662},"angularVelocity":{"x":-2.36630185e-05,"y":-2.56501371e-05,"z":-4.03119884e-05}}],"drivetrain":{"engineVel":179.33783,"driveVel":0.000948612113,"outShaftLVel":0.000948612113,"outShaftRVel":0.000948612113,"rootVel":179.33783,"currentGearIndex":1,"engineLifeLeft":1000},"fuelTankBody":{"matrix":{"forward":{"x":0.234274745,"y":0.00348279788,"z":0.972164214},"up":{"x":0.0146664605,"y":0.999867141,"z":-0.00711640716},"position":{"x":-312.869324,"y":-15.4494696,"z":137.195099}},"velocity":{"x":-0.000241481364,"y":0.000255839,"z":-0.000970257213},"angularVelocity":{"x":-0.00700495718,"y":0.000578497245,"z":-0.000318395061}},"fuel":60.4059,"tyresStatus":[{"grain":0.309258372,"blister":0,"marblesLevel":0.00276849046,"flatSpot":0,"pressureStatic":21.312,"pressureDynamic":25.0799751,"dirtyLevel":1.93573797,"patchesTemp":[57.3874741,57.3429031,57.3829918,57.453495,57.4823341,57.4087906,57.2528381,57.1571503,57.1557808,57.2378235,57.3636665,57.3688812,59.8024826,59.7564163,59.8086,59.896759,59.9328384,59.846302,59.6610527,59.5450974,59.53759,59.6300888,59.7736473,59.7418823,62.2229614,62.1754951,62.2397881,62.3456497,62.3890228,62.289463,62.0747871,61.9384613,61.9248123,62.0278511,62.1891,62.1189499],"coreTemp":62.3218613,"tread":[2.99641299,2.99500942,2.99392343],"inflation":1},{"grain":0.241582572,"blister":0,"marblesLevel":0.00303827785,"flatSpot":0,"pressureStatic":21.312,"pressureDynamic":25.8761559,"dirtyLevel":2.30520129,"patchesTemp":[80.069,80.2473373,80.4428558,80.510231,80.397316,80.2359695,80.1483231,80.0998306,80.1152,80.1545944,79.6990891,80.0288925,79.3558807,79.5290527,79.7123642,79.7755814,79.6835098,79.5433044,79.4622421,79.40345,79.3971405,79.4377289,79.1086044,79.3237915,78.6504517,78.8185501,78.9897232,79.0488052,78.9775238,78.8583832,78.7839,78.7147903,78.6868057,78.7284241,78.524353,78.6261902],"coreTemp":70.6154,"tread":[2.99125385,2.99209023,2.99272346],"inflation":1},{"grain":0.0455528423,"blister":0,"marblesLevel":0.00291314675,"flatSpot":0,"pressureStatic":21.112,"pressureDynamic":25.4867687,"dirtyLevel":1.91039515,"patchesTemp":[62.8055496,62.8275261,62.8325348,62.7934761,62.7778969,62.7877312,62.7756653,62.6430283,62.783741,62.827198,62.8379555,62.8203278,66.5004044,66.5369797,66.5482788,66.497612,66.4715042,66.4758606,66.4427948,66.2054672,66.4494,66.5180511,66.533287,66.5129318,70.1995926,70.2507782,70.2683716,70.2060776,70.1694412,70.1682892,70.114,69.7704849,70.1190948,70.2132,70.2329559,70.2098694],"coreTemp":68.6426315,"tread":[2.99196386,2.9888916,2.98659348],"inflation":1},{"grain":0.0224240571,"blister":0,"marblesLevel":0.00323529681,"flatSpot":0,"pressureStatic":21.112,"pressureDynamic":26.036768,"dirtyLevel":2.21936154,"patchesTemp":[81.3733139,81.3146667,81.3179169,81.4359283,81.5360184,81.5734482,81.6288834,81.6837692,81.6708,81.5146942,80.9230957,81.3389053,80.7296371,80.6528854,80.646965,80.7628,80.8633194,80.9030533,80.9656067,81.0293274,81.0248566,80.903389,80.4626465,80.7360687,80.0911713,79.9963226,79.9812317,80.0949249,80.1958771,80.2379227,80.3076172,80.380188,80.3841858,80.2971649,80.0063095,80.1382828],"coreTemp":74.371788,"tread":[2.98567867,2.98680687,2.98870897],"inflation":1}],"isEngineIgnitionOn":true,"damage":{"zoneLevel":[0,0,0,0,0],"suspLevel":[0,0,0,0]},"brakeTemps":[195.553146,196.670486,109.149567,109.238792],"brakeCoreTemps":[195.586075,196.703796,109.160278,109.249527],"brakeDuct":[1.3,1.3,1.3,1.3],"brakeBias":0.766,"brakeTotalTorque":4200,"brakePadWear":[28994.041,28994.0039,28993.7012,28993.6934],"brakeDiscWear":[31997.0195,31997.002,31995.9297,31995.9238]}]}